City_ID,City,Country,Date,Lat,Lng,Max Temp,Humidity,Cloudiness,Wind Speed
0,New Norfolk,AU,2021-04-17 15:15:22,-42.7826,147.0587,55.99,79,99,1.99
1,Victoria,HK,2021-04-17 15:13:53,22.2855,114.1577,75.0,81,96,15.79
2,Constitucion,CL,2021-04-17 15:15:22,-35.3333,-72.4167,61.36,76,100,6.31
3,Souillac,MU,2021-04-17 15:15:22,-20.5167,57.5167,80.6,83,75,1.14
4,Port-Gentil,GA,2021-04-17 15:15:23,-0.7193,8.7815,89.6,70,20,13.8
5,Kodiak,US,2021-04-17 15:15:23,57.79,-152.4072,39.2,87,90,5.82
6,La Ronge,CA,2021-04-17 15:15:23,55.1001,-105.2842,46.4,45,100,9.22
7,Jamestown,US,2021-04-17 15:11:19,42.097,-79.2353,42.01,87,90,8.05
8,Severodvinsk,RU,2021-04-17 15:15:24,64.5635,39.8302,44.6,57,0,8.95
9,San Patricio,US,2021-04-17 15:15:24,28.017,-97.5169,60.8,82,90,25.32
10,Lebu,CL,2021-04-17 15:15:24,-37.6167,-73.65,59.97,59,92,3.6
11,Vaini,TO,2021-04-17 15:15:25,-21.2,-175.2,66.2,94,20,4.61
12,Busselton,AU,2021-04-17 15:15:25,-33.65,115.3333,60.01,88,1,4.0
13,Nikolskoye,RU,2021-04-17 15:15:25,59.7035,30.7861,55.4,24,0,13.42
14,Asau,RO,2021-04-17 15:15:26,46.4333,26.4,52.0,29,100,7.52
15,Arraial Do Cabo,BR,2021-04-17 15:15:26,-22.9661,-42.0278,80.6,69,40,21.85
16,Alenquer,BR,2021-04-17 15:15:26,-1.9417,-54.7383,84.2,79,75,8.05
17,Nelson Bay,AU,2021-04-17 15:15:27,-32.7167,152.15,55.99,100,90,5.75
18,Port Alfred,ZA,2021-04-17 15:15:27,-33.5906,26.891,73.8,53,2,22.53
19,Ushuaia,AR,2021-04-17 15:13:13,-54.8,-68.3,53.6,54,75,16.11
20,Barrow,US,2021-04-17 15:15:27,71.2906,-156.7887,26.6,80,1,12.66
21,Oskarshamn,SE,2021-04-17 15:15:28,57.2645,16.4484,48.99,53,86,14.0
22,Rikitea,PF,2021-04-17 15:15:28,-23.1203,-134.9692,76.77,68,94,8.12
23,Hasaki,JP,2021-04-17 15:15:28,35.7333,140.8333,61.0,100,75,20.71
24,Saint-Philippe,RE,2021-04-17 15:15:29,-21.3585,55.7679,77.0,73,90,5.75
25,Bluff,NZ,2021-04-17 15:15:29,-46.6,168.3333,51.01,92,80,5.99
26,Changli,CN,2021-04-17 15:15:29,39.7042,119.1506,51.15,27,0,3.2
27,Mataura,NZ,2021-04-17 15:15:30,-46.1927,168.8643,51.01,92,98,5.99
28,Hatillo,PR,2021-04-17 15:15:30,18.4863,-66.8254,91.0,74,1,5.75
29,Port Hedland,AU,2021-04-17 15:15:30,-20.3167,118.5667,77.0,65,47,8.05
30,Hithadhoo,MV,2021-04-17 15:15:31,-0.6,73.0833,82.9,62,33,6.31
31,Mar Del Plata,AR,2021-04-17 15:15:31,-38.0023,-57.5575,68.0,83,75,4.61
32,Tutoia,BR,2021-04-17 15:15:31,-2.7619,-42.2744,86.0,70,75,11.5
33,Mandal,IN,2021-04-17 15:15:31,25.45,74.5667,85.53,21,1,7.14
34,Diu,IN,2021-04-17 15:15:32,20.7141,70.9822,82.69,66,1,13.18
35,Portland,US,2021-04-17 15:12:03,45.5234,-122.6762,55.99,62,1,4.61
36,Puerto Ayora,EC,2021-04-17 15:15:32,-0.7393,-90.3518,80.01,94,40,6.91
37,Atuona,PF,2021-04-17 15:15:33,-9.8,-139.0333,81.16,70,95,16.33
38,Punta Arenas,CL,2021-04-17 15:14:09,-53.15,-70.9167,50.0,62,75,9.22
39,Kjopsvik,NO,2021-04-17 15:15:33,68.097,16.3742,39.38,88,46,2.1
40,Zastron,ZA,2021-04-17 15:15:33,-30.3023,27.084,67.08,24,0,6.26
41,Kapaa,US,2021-04-17 15:10:56,22.0752,-159.319,64.0,59,100,12.28
42,Traverse City,US,2021-04-17 15:14:15,44.7631,-85.6206,43.0,61,75,4.99
43,Cape Town,ZA,2021-04-17 15:13:32,-33.9258,18.4232,80.01,41,0,6.91
44,Bubaque,GW,2021-04-17 15:15:34,11.2833,-15.8333,78.89,63,100,13.4
45,Hilo,US,2021-04-17 15:15:34,19.7297,-155.09,66.2,72,1,4.61
46,Longyearbyen,SJ,2021-04-17 15:15:34,78.2186,15.6401,21.2,68,75,14.97
47,Bengkulu,ID,2021-04-17 15:15:35,-3.8004,102.2655,76.32,88,100,5.23
48,Cherskiy,RU,2021-04-17 15:15:35,68.75,161.3,7.36,90,18,9.95
49,Aklavik,CA,2021-04-17 15:15:35,68.2191,-135.0107,23.0,80,20,2.3
50,Albany,US,2021-04-17 15:10:54,42.6001,-73.9662,48.0,60,97,1.99
51,Tiksi,RU,2021-04-17 15:15:36,71.6872,128.8694,6.49,96,100,11.03
52,Evensk,RU,2021-04-17 15:15:36,61.95,159.2333,-0.18,97,66,6.42
53,Gallup,US,2021-04-17 15:13:19,35.5281,-108.7426,42.8,49,1,9.22
54,Cabo San Lucas,MX,2021-04-17 15:15:36,22.8909,-109.9124,77.0,25,1,4.61
55,Cidreira,BR,2021-04-17 15:15:37,-30.1811,-50.2056,75.33,70,100,9.13
56,Freeport,US,2021-04-17 15:14:16,40.6576,-73.5832,52.0,54,20,11.5
57,Saint Anthony,US,2021-04-17 15:15:37,45.0205,-93.218,51.01,43,20,5.75
58,Lorengau,PG,2021-04-17 15:15:37,-2.0226,147.2712,78.75,86,100,12.17
59,Ponta Do Sol,PT,2021-04-17 15:15:38,32.6667,-17.1,66.99,54,72,5.99
60,Carbonia,IT,2021-04-17 15:15:38,39.1672,8.5222,57.0,76,40,2.3
61,Grindavik,IS,2021-04-17 15:15:38,63.8424,-22.4338,39.2,81,90,16.11
62,Amapa,BR,2021-04-17 15:15:38,1.0,-52.0,79.25,88,84,3.29
63,Burnie,AU,2021-04-17 15:15:39,-41.0667,145.9167,52.0,81,94,5.01
64,Nanortalik,GL,2021-04-17 15:15:39,60.1432,-45.2371,24.4,52,0,38.54
65,Avarua,CK,2021-04-17 15:15:39,-21.2078,-159.775,69.8,100,53,1.14
66,Darnah,LY,2021-04-17 15:15:40,32.767,22.6367,83.62,34,100,5.03
67,Hermanus,ZA,2021-04-17 15:13:09,-34.4187,19.2345,79.0,46,29,3.0
68,Puerto Del Rosario,ES,2021-04-17 15:15:40,28.5004,-13.8627,73.4,60,20,17.27
69,Qaanaaq,GL,2021-04-17 15:15:40,77.484,-69.3632,-3.03,95,99,2.33
70,Beringovskiy,RU,2021-04-17 15:15:41,63.05,179.3167,34.09,93,100,18.75
71,Bethel,US,2021-04-17 15:15:41,41.3712,-73.414,46.0,70,61,8.48
72,Santa Marta,CO,2021-04-17 15:13:24,11.2408,-74.199,86.0,70,100,1.99
73,Saskylakh,RU,2021-04-17 15:15:42,71.9167,114.0833,9.52,94,100,10.98
74,Lebork,PL,2021-04-17 15:15:42,54.5392,17.7501,51.01,71,20,9.22
75,Tuatapere,NZ,2021-04-17 15:15:42,-46.1333,167.6833,51.01,92,100,5.99
76,Constantine,DZ,2021-04-17 15:15:43,36.365,6.6147,51.8,54,75,16.11
77,Tuktoyaktuk,CA,2021-04-17 15:15:43,69.4541,-133.0374,8.6,85,40,4.61
78,Panorama,GR,2021-04-17 15:15:43,40.5878,23.0315,57.0,76,75,5.75
79,Korla,CN,2021-04-17 15:15:43,41.7597,86.1469,66.99,22,56,6.13
80,Bredasdorp,ZA,2021-04-17 15:15:44,-34.5322,20.0403,68.0,60,35,6.91
81,Havre-Saint-Pierre,CA,2021-04-17 15:15:44,50.2334,-63.5986,35.6,69,20,17.27
82,Leshukonskoye,RU,2021-04-17 15:15:44,64.8989,45.7622,37.99,94,100,11.12
83,Amasia,TR,2021-04-17 15:15:45,40.6533,35.8331,60.8,72,75,2.3
84,Dikson,RU,2021-04-17 15:15:45,73.5069,80.5464,-10.86,100,53,4.5
85,Johnstown,US,2021-04-17 15:15:45,40.3267,-78.922,39.0,93,90,8.05
86,Fort Nelson,CA,2021-04-17 15:15:09,58.8053,-122.7002,42.8,61,75,14.97
87,Mount Isa,AU,2021-04-17 15:15:46,-20.7333,139.5,71.6,21,1,18.41
88,Kahului,US,2021-04-17 15:15:46,20.8947,-156.47,64.99,100,75,3.44
89,Syracuse,IT,2021-04-17 15:15:46,37.0881,15.2792,60.8,77,75,9.22
90,Domoni,KM,2021-04-17 15:15:47,-12.2569,44.5319,80.17,84,100,11.3
91,Carutapera,BR,2021-04-17 15:15:47,-1.195,-46.02,84.27,68,91,5.17
92,Padang,ID,2021-04-17 15:15:47,-0.9492,100.3543,77.0,94,20,2.3
93,Sechelt,CA,2021-04-17 15:15:47,49.4664,-123.7694,55.99,66,0,3.44
94,Malacacheta,BR,2021-04-17 15:15:48,-17.8422,-42.0767,78.37,49,1,3.56
95,Thompson,CA,2021-04-17 15:15:48,55.7435,-97.8558,37.4,70,40,11.5
96,Torbay,CA,2021-04-17 15:15:48,47.6666,-52.7314,39.99,81,90,17.27
97,East London,ZA,2021-04-17 15:15:49,-33.0153,27.9116,69.8,64,0,12.66
98,Naze,JP,2021-04-17 15:15:49,28.3667,129.4833,62.89,64,5,19.77
99,Chuy,UY,2021-04-17 15:15:49,-33.6971,-53.4616,72.88,63,42,5.68
100,Pryazha,RU,2021-04-17 15:15:50,61.6926,33.6216,55.4,24,4,6.71
101,Boa Vista,BR,2021-04-17 15:15:50,2.8197,-60.6733,84.2,61,75,16.11
102,Guerrero Negro,MX,2021-04-17 15:13:53,27.9769,-114.0611,60.69,73,14,16.75
103,Rawson,AR,2021-04-17 15:15:32,-43.3002,-65.1023,66.06,41,100,14.63
104,Palmer,US,2021-04-17 15:15:50,42.1584,-72.3287,46.4,61,90,5.75
105,Berlevag,NO,2021-04-17 15:15:51,70.8578,29.0864,35.98,94,100,5.97
106,Coihaique,CL,2021-04-17 15:15:51,-45.5752,-72.0662,50.0,81,75,4.61
107,Hobart,AU,2021-04-17 15:13:58,-42.8794,147.3294,55.99,67,69,13.8
108,Rumonge,BI,2021-04-17 15:15:51,-3.9736,29.4386,74.43,85,82,3.15
109,Cuenca,EC,2021-04-17 15:15:06,-2.8833,-78.9833,62.6,72,75,4.61
110,Sao Filipe,CV,2021-04-17 15:15:52,14.8961,-24.4956,73.15,71,0,13.18
111,Kenai,US,2021-04-17 15:15:52,60.5544,-151.2583,34.0,74,1,6.91
112,Ambulu,ID,2021-04-17 15:15:52,-8.345,113.6058,76.01,87,85,4.16
113,Thinadhoo,MV,2021-04-17 15:15:53,0.5333,72.9333,82.83,63,15,7.16
114,Bambous Virieux,MU,2021-04-17 15:15:53,-20.3428,57.7575,81.0,83,75,1.14
115,Ostrovnoy,RU,2021-04-17 15:15:53,68.0531,39.5131,33.19,74,100,9.8
116,Isla Mujeres,MX,2021-04-17 15:15:54,21.2311,-86.731,84.2,70,75,13.8
117,Vicuna,CL,2021-04-17 15:15:54,-30.0319,-70.7081,60.8,77,90,5.75
118,Te Anau,NZ,2021-04-17 15:15:54,-45.4167,167.7167,49.84,91,100,7.02
119,Khatanga,RU,2021-04-17 15:15:54,71.9667,102.5,3.85,95,100,9.06
120,Geraldton,AU,2021-04-17 15:15:55,-28.7667,114.6,62.6,82,37,8.05
121,Clyde River,CA,2021-04-17 15:15:55,70.4692,-68.5914,6.8,78,1,4.61
122,Paamiut,GL,2021-04-17 15:15:55,61.994,-49.6678,18.59,48,6,9.48
123,Lakota,CI,2021-04-17 15:15:56,5.8528,-5.6883,87.12,56,92,3.8
124,Sur,OM,2021-04-17 15:15:56,22.5667,59.5289,84.27,58,100,2.39
125,Caceres,ES,2021-04-17 15:15:56,39.522,-6.3748,64.08,33,1,6.64
126,Georgetown,MY,2021-04-17 15:15:57,5.4112,100.3354,84.2,79,20,5.75
127,Esperance,AU,2021-04-17 15:15:57,-33.8667,121.9,55.4,82,65,8.05
128,Navalgund,IN,2021-04-17 15:11:20,15.5667,75.3667,89.17,36,43,16.78
129,Port Elizabeth,ZA,2021-04-17 15:12:05,-33.918,25.5701,68.0,68,0,13.8
130,Vardo,NO,2021-04-17 15:15:57,70.3705,31.1107,33.8,93,75,9.22
131,Brownsville,US,2021-04-17 15:12:26,25.9018,-97.4975,68.0,83,90,14.97
132,Sandakan,MY,2021-04-17 15:15:58,5.8402,118.1179,82.4,74,20,6.91
133,Mustasaari,FI,2021-04-17 15:15:58,63.1142,21.6822,55.4,38,0,11.5
134,Luderitz,NA,2021-04-17 15:15:59,-26.6481,15.1594,83.8,36,32,11.43
135,Denia,ES,2021-04-17 15:15:59,38.8408,0.1057,59.0,54,41,7.0
136,Zyryanka,RU,2021-04-17 15:15:59,65.75,150.85,22.8,75,13,15.66
137,Leningradskiy,RU,2021-04-17 15:15:59,69.3833,178.4167,23.72,94,100,5.73
138,Mana,GF,2021-04-17 15:16:00,5.6592,-53.7767,83.21,71,62,12.28
139,Ginir,ET,2021-04-17 15:16:00,7.1333,40.7,63.72,75,72,7.31
140,Lakes Entrance,AU,2021-04-17 15:16:00,-37.8811,147.981,53.01,76,30,8.59
141,Port Blair,IN,2021-04-17 15:16:01,11.6667,92.75,81.88,71,8,3.76
142,Saint-Augustin,CA,2021-04-17 15:16:01,51.226,-58.6502,34.81,60,2,14.72
143,Oktyabrskoye,RU,2021-04-17 15:16:01,43.0645,44.7417,53.6,82,75,11.18
144,Belle Fourche,US,2021-04-17 15:16:02,44.6714,-103.8522,39.2,70,20,6.91
145,Castro,BR,2021-04-17 15:16:02,-24.7911,-50.0119,68.18,76,97,2.98
146,Boueni,YT,2021-04-17 15:16:02,-12.9025,45.0761,84.2,74,75,14.97
147,Vila Do Maio,CV,2021-04-17 15:16:02,15.1333,-23.2167,77.0,57,20,21.85
148,Ahipara,NZ,2021-04-17 15:16:03,-35.1667,173.1667,57.92,74,80,7.23
149,Kruisfontein,ZA,2021-04-17 15:16:03,-34.0033,24.7314,75.99,47,36,5.01
150,Harper,LR,2021-04-17 15:16:03,4.375,-7.7169,83.26,72,99,7.23
151,Bilibino,RU,2021-04-17 15:16:04,68.0546,166.4372,-1.3,98,100,3.27
152,Wuwei,CN,2021-04-17 15:16:04,37.9281,102.6414,53.29,23,10,3.4
153,Adrar,MR,2021-04-17 15:16:04,20.5022,-10.0711,90.34,13,0,10.94
154,Sitka,US,2021-04-17 15:16:05,57.0531,-135.33,37.4,100,40,4.34
155,Tomatlan,MX,2021-04-17 15:16:05,19.9333,-105.25,77.99,35,35,1.66
156,Iracoubo,GF,2021-04-17 15:16:05,5.4802,-53.2011,80.76,80,89,13.94
157,Treinta Y Tres,UY,2021-04-17 15:15:35,-33.2333,-54.3833,72.95,67,42,5.32
158,Balikpapan,ID,2021-04-17 15:16:06,-1.2675,116.8289,78.21,79,88,3.6
159,Mentougou,CN,2021-04-17 15:16:06,39.9392,116.0917,55.99,32,0,3.22
160,Saldanha,ZA,2021-04-17 15:16:06,-33.0117,17.9442,89.6,17,0,6.91
161,Salekhard,RU,2021-04-17 15:16:07,66.53,66.6019,-2.79,95,57,5.55
162,Mega,ET,2021-04-17 15:16:07,4.05,38.3,68.85,61,90,16.46
163,Saint-Joseph,RE,2021-04-17 15:16:07,-21.3667,55.6167,77.0,73,90,5.75
164,Ribeira Grande,PT,2021-04-17 15:16:08,38.5167,-28.7,64.4,94,40,17.27
165,Suntar,RU,2021-04-17 15:16:08,62.1444,117.6319,14.43,72,65,12.55
166,Erzin,TR,2021-04-17 15:16:08,36.9559,36.2,73.99,62,80,4.07
167,Diego De Almagro,CL,2021-04-17 15:16:08,-26.3667,-70.05,74.1,30,0,4.07
168,Mason City,US,2021-04-17 15:16:09,43.1536,-93.201,52.0,25,1,9.22
169,Margate,GB,2021-04-17 15:16:09,51.3813,1.3862,50.0,52,12,8.01
170,Broome,US,2021-04-17 15:16:09,42.2506,-75.833,44.01,81,90,10.36
171,Mackay,AU,2021-04-17 15:16:10,-21.15,149.2,77.0,83,75,13.8
172,Presidencia Roque Saenz Pena,AR,2021-04-17 15:16:10,-26.7852,-60.4388,82.99,61,22,4.0
173,Linoan,PH,2021-04-17 15:16:10,7.626,125.9741,80.6,89,90,2.3
174,Haines Junction,CA,2021-04-17 15:16:11,60.7522,-137.5108,33.8,69,100,1.14
175,Xining,CN,2021-04-17 15:16:11,36.6167,101.7667,44.71,38,84,2.68
176,Hamilton,US,2021-04-17 15:15:32,39.1834,-84.5333,55.99,71,90,4.32
177,Yerofey Pavlovich,RU,2021-04-17 15:16:11,53.9667,121.9667,32.56,84,83,2.64
178,Tilichiki,RU,2021-04-17 15:16:12,60.4667,166.1,8.02,99,94,2.13
179,Ugoofaaru,MV,2021-04-17 15:16:12,5.6667,73.0,84.22,71,95,8.63
180,Yellowknife,CA,2021-04-17 15:14:27,62.456,-114.3525,24.01,86,40,4.61
181,Pevek,RU,2021-04-17 15:16:12,69.7008,170.3133,16.11,84,100,3.36
182,Kannur,IN,2021-04-17 15:16:13,11.8675,75.3576,81.55,85,84,3.42
183,Provideniya,RU,2021-04-17 15:16:13,64.3833,-173.3,30.27,97,100,7.29
184,Saint Andrews,US,2021-04-17 15:16:13,34.0454,-81.1293,66.2,52,75,4.61
185,Namibe,AO,2021-04-17 15:16:14,-15.1961,12.1522,84.97,59,0,12.57
186,Pocatello,US,2021-04-17 15:16:14,42.8713,-112.4455,37.99,64,1,4.61
187,Altay,CN,2021-04-17 15:16:14,47.8667,88.1167,51.4,47,100,6.13
188,Port Pirie,AU,2021-04-17 15:16:14,-33.1833,138.0167,53.6,82,0,6.46
189,Okhotsk,RU,2021-04-17 15:16:15,59.3833,143.3,20.3,96,99,8.61
190,Ihosy,MG,2021-04-17 15:16:15,-22.4,46.1167,63.18,53,0,5.64
191,Sao Joao Da Barra,BR,2021-04-17 15:16:15,-21.6403,-41.0511,80.6,65,75,9.22
192,Chokurdakh,RU,2021-04-17 15:16:16,70.6333,147.9167,6.66,94,83,9.44
193,Teknaf,BD,2021-04-17 15:16:16,20.8624,92.3058,79.07,80,1,1.7
194,Olafsvik,IS,2021-04-17 15:16:16,64.8945,-23.7142,39.06,78,100,19.08
195,Yushan,CN,2021-04-17 15:16:17,31.3776,120.9543,57.2,44,0,4.47
196,Kroya,ID,2021-04-17 15:16:17,-7.6331,109.2461,79.39,81,92,3.31
197,Ostersund,SE,2021-04-17 15:16:17,63.1792,14.6357,51.8,43,19,5.75
198,Samarai,PG,2021-04-17 15:16:17,-10.6167,150.6667,82.24,80,91,12.33
199,Terrace Bay,CA,2021-04-17 15:16:18,48.7834,-87.1,35.6,80,90,10.36
200,Fairview,US,2021-04-17 15:15:09,40.8126,-73.999,51.8,53,90,6.91
201,Bartlesville,US,2021-04-17 15:16:18,36.7473,-95.9808,48.2,81,90,4.61
202,Acajutla,SV,2021-04-17 15:11:51,13.5928,-89.8275,80.01,78,0,1.63
203,Lagoa,PT,2021-04-17 15:16:19,39.05,-27.9833,61.95,91,5,19.6
204,Tual,ID,2021-04-17 15:16:19,-5.6667,132.75,84.02,72,100,15.93
205,Ouango,CF,2021-04-17 15:16:19,4.3133,22.5552,91.63,41,97,8.14
206,Mizan Teferi,ET,2021-04-17 15:16:20,6.9833,35.5833,71.89,55,100,3.33
207,Nikki,BJ,2021-04-17 15:16:20,9.9401,3.2108,98.4,26,99,6.62
208,Katsuura,JP,2021-04-17 15:16:20,35.1333,140.3,64.99,94,75,16.11
209,Faanui,PF,2021-04-17 15:16:20,-16.4833,-151.75,81.23,76,98,7.56
210,San Jose,US,2021-04-17 15:11:21,37.3394,-121.895,53.01,76,90,6.91
211,Windsor,CA,2021-04-17 15:13:04,42.3001,-83.0165,52.0,62,90,6.91
212,Leh,IN,2021-04-17 15:16:21,34.1667,77.5833,39.61,61,100,3.42
213,Galle,LK,2021-04-17 15:16:21,6.0367,80.217,82.04,76,100,8.3
214,Caravelas,BR,2021-04-17 15:16:22,-17.7125,-39.2481,79.43,75,51,5.59
215,Kindersley,CA,2021-04-17 15:15:09,51.4668,-109.1682,50.0,34,40,10.36
216,Flagstaff,US,2021-04-17 15:16:22,35.1981,-111.6513,42.01,52,1,10.36
217,Butaritari,KI,2021-04-17 15:16:22,3.0707,172.7902,81.77,77,71,5.5
218,Asyut,EG,2021-04-17 15:12:16,27.181,31.1837,98.6,15,0,6.91
219,Chitipa,MW,2021-04-17 15:16:23,-9.7024,33.2697,65.66,91,70,5.66
220,Sukhumi,GE,2021-04-17 15:16:23,43.0033,41.0153,55.26,90,100,3.24
221,Raudeberg,NO,2021-04-17 15:16:23,61.9875,5.1352,51.8,40,0,9.22
222,Carnarvon,AU,2021-04-17 15:16:24,-24.8667,113.6333,77.9,64,86,11.36
223,San Angelo,US,2021-04-17 15:16:24,31.4638,-100.437,46.99,76,75,10.36
224,Klaksvik,FO,2021-04-17 15:16:24,62.2266,-6.589,48.2,87,100,21.85
225,Pangnirtung,CA,2021-04-17 15:16:24,66.1451,-65.7125,3.2,66,20,1.72
226,Salalah,OM,2021-04-17 15:16:25,17.0151,54.0924,82.4,78,0,8.05
227,Half Moon Bay,US,2021-04-17 15:16:25,37.4636,-122.4286,50.0,93,90,9.22
228,Tessalit,ML,2021-04-17 15:16:25,20.1986,1.0114,100.56,6,100,9.1
229,Wanning,CN,2021-04-17 15:16:26,18.8003,110.3967,76.48,87,99,6.73
230,Belmonte,BR,2021-04-17 15:16:26,-15.8631,-38.8828,82.4,61,40,10.36
231,Goderich,CA,2021-04-17 15:16:26,43.7501,-81.7165,42.8,87,100,5.75
232,Mahebourg,MU,2021-04-17 15:16:26,-20.4081,57.7,80.6,83,75,1.14
233,Gigmoto,PH,2021-04-17 15:16:27,13.7796,124.39,79.36,85,100,18.5
234,Palasa,IN,2021-04-17 15:16:27,18.7667,84.4167,80.02,83,17,7.54
235,Hanna,CA,2021-04-17 15:16:14,51.6334,-111.9018,55.0,25,86,5.01
236,Tarata,BO,2021-04-17 15:16:27,-17.6167,-66.0167,68.0,48,71,1.01
237,Vila Velha,BR,2021-04-17 15:13:38,-20.3297,-40.2925,81.0,83,75,3.44
238,Kysyl-Syr,RU,2021-04-17 15:16:28,63.8986,122.7617,14.65,83,100,13.76
239,Havelock,US,2021-04-17 15:15:52,34.8791,-76.9013,64.99,51,75,11.5
240,Buckeye,US,2021-04-17 15:15:01,33.3703,-112.5838,69.01,14,0,8.05
241,Port-Cartier,CA,2021-04-17 15:16:28,50.0334,-66.8654,37.4,65,90,13.8
242,Tasiilaq,GL,2021-04-17 15:16:29,65.6145,-37.6368,26.6,76,90,6.91
243,Allapalli,IN,2021-04-17 15:16:29,19.4167,80.0667,93.67,20,28,0.63
244,Ilulissat,GL,2021-04-17 15:16:29,69.2167,-51.1,6.8,66,75,11.5
245,Saint George,US,2021-04-17 15:11:41,37.1041,-113.5841,52.0,50,75,4.61
246,Kholodnyy,RU,2021-04-17 15:16:30,62.7167,147.95,19.96,79,100,16.91
247,Jalu,LY,2021-04-17 15:16:30,29.0331,21.5482,109.08,4,47,17.96
248,Daru,PG,2021-04-17 15:16:30,-9.0763,143.2092,79.68,87,98,11.68
249,Dingle,PH,2021-04-17 15:16:31,10.9995,122.6711,78.3,80,100,9.91
250,Marzuq,YE,2021-04-17 15:16:31,14.4,46.4667,79.63,34,0,11.63
251,Vao,NC,2021-04-17 15:16:31,-22.6667,167.4833,74.89,74,5,16.11
252,Kamaishi,JP,2021-04-17 15:16:32,39.2667,141.8833,53.69,98,100,12.17
253,Matara,LK,2021-04-17 15:16:32,5.9485,80.5353,80.53,80,97,7.78
254,Fairbanks,US,2021-04-17 15:16:32,64.8378,-147.7164,30.99,93,1,3.44
255,Manta,EC,2021-04-17 15:16:33,-0.95,-80.7333,82.4,74,75,5.75
256,Stepnyak,KZ,2021-04-17 15:16:33,52.8339,70.7803,46.92,59,73,7.78
257,Ketchikan,US,2021-04-17 15:16:33,55.3422,-131.6461,42.8,87,1,8.05
258,Coquimbo,CL,2021-04-17 15:16:33,-29.9533,-71.3436,60.8,77,90,5.75
259,Marsaxlokk,MT,2021-04-17 15:16:34,35.8419,14.5431,61.0,72,40,6.91
260,Mgandu,TZ,2021-04-17 15:16:34,-5.95,34.1333,67.68,83,89,4.99
261,Fortuna,US,2021-04-17 15:16:34,40.5982,-124.1573,44.6,100,90,4.61
262,Kloulklubed,PW,2021-04-17 15:16:35,7.0419,134.2556,80.6,83,75,11.5
263,Lubango,AO,2021-04-17 15:16:35,-14.9172,13.4925,62.04,85,82,4.52
264,Minuri,PH,2021-04-17 15:16:35,16.535,121.8574,73.67,86,100,2.44
265,Sola,VU,2021-04-17 15:16:35,-13.8833,167.55,82.31,74,46,15.3
266,Salmo,CA,2021-04-17 15:16:36,49.1999,-117.2689,43.0,70,4,1.14
267,Sagvag,NO,2021-04-17 15:16:36,59.7786,5.3961,55.4,37,40,6.91
268,Cayenne,GF,2021-04-17 15:16:36,4.9333,-52.3333,82.99,89,75,2.3
269,Tonstad,NO,2021-04-17 15:16:37,58.6626,6.7169,52.0,57,91,1.01
270,Kaitangata,NZ,2021-04-17 15:16:37,-46.2817,169.8464,50.0,62,87,3.0
271,Yazman,PK,2021-04-17 15:16:37,29.1212,71.7446,87.91,20,0,7.34
272,Pringsewu,ID,2021-04-17 15:16:38,-5.3582,104.9744,74.39,95,99,2.26
273,Sorland,NO,2021-04-17 15:16:38,67.667,12.6934,41.68,83,7,16.06
274,Upernavik,GL,2021-04-17 15:14:02,72.7868,-56.1549,6.85,70,100,8.1
275,Jiuquan,CN,2021-04-17 15:16:38,39.7432,98.5174,54.79,13,0,8.03
276,Ekpoma,NG,2021-04-17 15:16:39,6.7421,6.139,81.45,70,98,4.9
277,Acapulco,MX,2021-04-17 15:14:29,16.8634,-99.8901,80.6,74,40,2.04
278,Hay River,CA,2021-04-17 15:13:42,60.8156,-115.7999,32.0,93,75,3.44
279,Davila,PH,2021-04-17 15:16:39,18.4726,120.5763,80.6,69,40,8.05
280,Sistranda,NO,2021-04-17 15:16:39,63.7256,8.834,51.8,50,0,11.5
281,Tazovskiy,RU,2021-04-17 15:16:40,67.4667,78.7,-11.38,100,57,5.66
282,Port Lincoln,AU,2021-04-17 15:16:40,-34.7333,135.8667,58.98,77,12,3.67
283,Borovoy,RU,2021-04-17 15:16:40,55.4333,86.0833,26.6,46,0,8.95
284,Marsh Harbour,BS,2021-04-17 15:16:41,26.5412,-77.0636,78.67,70,31,14.34
285,Srednekolymsk,RU,2021-04-17 15:16:41,67.45,153.6833,11.23,80,15,10.54
286,Kusti,SD,2021-04-17 15:16:41,13.1629,32.6635,102.42,4,27,6.71
287,Verkhnevilyuysk,RU,2021-04-17 15:16:42,63.4453,120.3167,14.14,81,98,14.12
288,Liverpool,GB,2021-04-17 15:12:17,53.4106,-2.9779,60.8,36,20,5.75
289,Narsaq,GL,2021-04-17 15:16:42,60.9167,-46.05,23.0,28,20,3.44
290,Westport,US,2021-04-17 15:16:42,41.1415,-73.3579,48.99,57,90,9.22
291,Nantucket,US,2021-04-17 15:16:43,41.2835,-70.0995,42.8,81,90,20.71
292,Meulaboh,ID,2021-04-17 15:16:43,4.1363,96.1285,79.41,79,49,1.81
293,Kavieng,PG,2021-04-17 15:16:43,-2.5744,150.7967,82.63,75,64,10.07
294,Butte,US,2021-04-17 15:16:43,39.6499,-121.5677,66.2,26,1,5.75
295,Chancay,PE,2021-04-17 15:16:44,-11.5714,-77.2672,72.0,88,40,3.44
296,Ibra,OM,2021-04-17 15:16:44,22.6906,58.5334,92.52,11,100,16.04
297,Beloha,MG,2021-04-17 15:16:45,-25.1667,45.05,66.65,48,60,10.98
298,Broken Hill,AU,2021-04-17 15:16:45,-31.95,141.4333,50.0,53,1,2.3
299,Antofagasta,CL,2021-04-17 15:16:45,-23.65,-70.4,66.2,63,0,8.05
300,Andenes,NO,2021-04-17 15:16:45,69.3143,16.1194,46.99,70,1,17.27
301,Comodoro Rivadavia,AR,2021-04-17 15:12:35,-45.8667,-67.5,62.6,45,0,5.75
302,Alofi,NU,2021-04-17 15:16:46,-19.0595,-169.9187,68.0,94,6,1.14
303,Vysokovsk,RU,2021-04-17 15:16:46,56.3167,36.55,60.8,31,0,22.37
304,Sechura,PE,2021-04-17 15:16:46,-5.5569,-80.8222,76.03,64,100,8.23
305,Bowling Green,US,2021-04-17 15:16:47,36.9903,-86.4436,55.0,71,90,4.61
306,Norman Wells,CA,2021-04-17 15:16:47,65.282,-126.8329,28.4,93,75,3.85
307,Nyurba,RU,2021-04-17 15:16:47,63.2842,118.3319,12.58,78,100,15.3
308,Kabo,CF,2021-04-17 15:16:48,7.6994,18.629,103.87,16,73,5.17
309,Saraland,US,2021-04-17 15:16:48,30.8207,-88.0706,63.0,98,100,3.85
310,Sao Jose Da Coroa Grande,BR,2021-04-17 15:16:48,-8.8978,-35.1478,81.03,76,70,4.38
311,Lagos,NG,2021-04-17 15:16:49,6.5833,3.75,87.8,70,75,8.05
312,Puerto Madryn,AR,2021-04-17 15:16:49,-42.7692,-65.0385,66.54,43,100,15.55
313,Stornoway,GB,2021-04-17 15:13:31,58.2093,-6.3865,53.6,58,100,16.11
314,Develi,TR,2021-04-17 15:16:49,38.3906,35.4922,68.0,45,75,1.14
315,Mogadishu,SO,2021-04-17 15:12:14,2.0371,45.3438,86.0,62,20,11.5
316,Fort Abbas,PK,2021-04-17 15:16:50,29.1925,72.8536,87.03,21,0,8.41
317,Zaysan,KZ,2021-04-17 15:16:50,47.4667,84.8667,53.55,54,28,9.86
318,Hambantota,LK,2021-04-17 15:16:50,6.1241,81.1185,78.8,100,75,3.44
319,Lompoc,US,2021-04-17 15:16:51,34.6391,-120.4579,48.2,87,0,5.66
320,Lujan,AR,2021-04-17 15:16:51,-34.5703,-59.105,78.01,54,35,4.0
321,Punta Cardon,VE,2021-04-17 15:16:51,11.6581,-70.215,82.42,70,100,25.5
322,Babol,IR,2021-04-17 15:16:51,36.5513,52.679,71.6,40,0,6.91
323,Bonthe,SL,2021-04-17 15:16:52,7.5264,-12.505,80.89,76,100,7.67
324,Zhangzhou,CN,2021-04-17 15:16:52,24.5133,117.6556,69.8,49,0,13.42
325,Henties Bay,NA,2021-04-17 15:16:52,-22.116,14.2845,79.0,53,100,5.01
326,Taunggyi,MM,2021-04-17 15:16:53,20.7833,97.0333,59.41,87,0,3.36
327,Bambanglipuro,ID,2021-04-17 15:16:53,-7.95,110.2833,78.06,84,100,3.06
328,Palana,RU,2021-04-17 15:16:53,59.1167,159.9667,21.92,91,85,20.56
329,Sandovo,RU,2021-04-17 15:16:54,58.4602,36.4128,52.84,44,3,9.06
330,Kapit,MY,2021-04-17 15:16:54,2.0167,112.9333,74.19,99,100,0.51
331,Tulum,MX,2021-04-17 15:16:54,20.2167,-87.4667,86.0,70,40,10.36
332,Krasnyy Chikoy,RU,2021-04-17 15:16:54,50.3643,108.7512,41.41,60,1,4.54
333,Rudnyy,KZ,2021-04-17 15:16:55,52.9594,63.1206,53.6,62,0,4.47
334,Mehamn,NO,2021-04-17 15:16:55,71.0357,27.8492,37.83,96,100,8.41
335,Maputo,MZ,2021-04-17 15:16:55,-25.9653,32.5892,75.2,46,20,9.22
336,Bolotnoye,RU,2021-04-17 15:16:56,55.6717,84.3981,19.54,87,79,5.19
337,Mwinilunga,ZM,2021-04-17 15:16:56,-11.7358,24.4293,68.54,74,100,6.89
338,Prado,BR,2021-04-17 15:16:56,-17.3411,-39.2208,82.06,62,61,4.07
339,Melo,UY,2021-04-17 15:16:57,-32.3667,-54.1833,73.51,72,20,7.18
340,San Francisco Del Mar,MX,2021-04-17 15:16:57,16.2333,-94.65,84.09,63,94,13.06
341,Tarakan,ID,2021-04-17 15:13:42,3.3,117.6333,80.91,76,100,4.52
342,Santiago Del Estero,AR,2021-04-17 15:14:16,-27.7951,-64.2615,78.87,68,81,8.14
343,Vestmannaeyjar,IS,2021-04-17 15:16:57,63.4427,-20.2734,41.0,93,90,19.57
344,Ulaanbaatar,MN,2021-04-17 15:16:58,47.9077,106.8832,44.6,26,0,2.24
345,Rocha,UY,2021-04-17 15:16:58,-34.4833,-54.3333,73.36,60,1,4.09
346,Husavik,IS,2021-04-17 15:16:58,66.0449,-17.3389,46.4,57,75,4.61
347,Necochea,AR,2021-04-17 15:16:59,-38.5473,-58.7368,71.01,76,100,5.01
348,Aksarka,RU,2021-04-17 15:16:59,66.5606,67.7975,-5.19,98,10,5.08
349,Lodja,CD,2021-04-17 15:16:59,-3.4833,23.4333,85.19,57,73,3.31
350,Emerald,AU,2021-04-17 15:17:00,-23.5333,148.1667,68.0,68,90,14.97
351,Kutum,SD,2021-04-17 15:17:00,14.2,24.6667,89.78,4,3,11.21
352,Sayyan,YE,2021-04-17 15:17:00,15.1718,44.3244,69.53,20,60,16.96
353,Talnakh,RU,2021-04-17 15:17:01,69.4865,88.3972,-19.21,98,88,2.77
354,Milkovo,RU,2021-04-17 15:17:01,54.7167,158.6167,22.89,78,56,5.12
355,Pouebo,NC,2021-04-17 15:17:01,-20.4,164.5667,74.07,86,37,11.5
356,Kangalassy,RU,2021-04-17 15:17:02,62.3464,129.9628,23.0,93,0,11.18
357,Batagay-Alyta,RU,2021-04-17 15:17:02,67.8006,130.4114,10.81,91,100,5.3
358,Laguna De Perlas,NI,2021-04-17 15:17:02,12.3429,-83.6712,86.0,79,75,4.61
359,Minab,IR,2021-04-17 15:17:02,27.1467,57.0801,84.2,51,75,13.8
360,Guanhaes,BR,2021-04-17 15:17:03,-18.775,-42.9325,77.38,50,4,3.27
361,Trinidad,BO,2021-04-17 15:16:02,-14.8333,-64.9,82.83,76,13,4.25
362,Salinopolis,BR,2021-04-17 15:13:20,-0.6136,-47.3561,77.83,85,95,3.36
363,Gazanjyk,TM,2021-04-17 15:17:03,39.2446,55.5154,77.99,22,7,6.02
364,Severo-Kurilsk,RU,2021-04-17 15:17:03,50.6789,156.125,35.4,74,90,2.44
365,Laguna,US,2021-04-17 15:16:27,38.421,-121.4238,55.99,76,1,6.91
366,Yarada,IN,2021-04-17 15:17:04,17.65,83.2667,83.07,77,0,11.12
367,Garissa,KE,2021-04-17 15:17:04,-0.4536,39.6401,94.78,33,99,6.73
368,Poum,NC,2021-04-17 15:17:04,-20.2333,164.0167,77.94,78,38,16.44
369,Tiznit,MA,2021-04-17 15:17:05,29.5833,-9.5,74.26,43,1,14.34
370,Karratha,AU,2021-04-17 15:17:05,-20.7377,116.8463,82.4,63,2,2.06
371,Yar-Sale,RU,2021-04-17 15:17:05,66.8333,70.8333,-8.93,99,31,7.16
372,Qasigiannguit,GL,2021-04-17 15:17:06,68.8193,-51.1922,6.8,66,75,11.5
373,Aketi,CD,2021-04-17 15:17:06,2.7388,23.7833,75.88,88,88,5.14
374,Majene,ID,2021-04-17 15:12:16,-3.5403,118.9707,78.26,78,98,2.64
375,Nuevitas,CU,2021-04-17 15:14:02,21.5453,-77.2644,86.0,54,20,8.05
376,Port Macquarie,AU,2021-04-17 15:17:06,-31.4333,152.9167,55.99,99,100,1.01
377,Evans,US,2021-04-17 15:17:07,33.5337,-82.1307,69.8,42,1,3.44
378,Sambava,MG,2021-04-17 15:12:11,-14.2667,50.1667,80.1,78,53,5.46
379,Pasaco,GT,2021-04-17 15:17:07,13.9772,-90.2064,87.8,61,0,3.83
380,Premia De Mar,ES,2021-04-17 15:17:07,41.4921,2.3652,54.0,55,100,8.01
381,Havoysund,NO,2021-04-17 15:17:08,70.9963,24.6622,44.6,61,0,5.75
382,Airai,TL,2021-04-17 15:17:08,-8.9266,125.4092,58.24,89,97,3.2
383,Singapore,SG,2021-04-17 15:17:08,1.2897,103.8501,75.2,100,75,2.3
384,Alice Springs,AU,2021-04-17 15:16:49,-23.7,133.8833,51.8,62,0,8.05
385,Flinders,AU,2021-04-17 15:17:09,-34.5833,150.8552,54.0,83,83,1.01
386,Cheremshanka,RU,2021-04-17 15:17:09,56.1192,60.268,41.41,62,24,5.1
387,Chichimila,MX,2021-04-17 15:17:09,20.6167,-88.2167,86.94,53,84,8.77
388,Zhezkazgan,KZ,2021-04-17 15:17:10,47.8043,67.7144,64.15,25,59,2.59
389,Berezovka,BY,2021-04-17 15:17:10,53.7214,25.4993,55.98,58,97,6.89
390,High Level,CA,2021-04-17 15:17:10,58.5169,-117.136,39.2,65,75,5.75
391,Atambua,ID,2021-04-17 15:17:11,-9.1061,124.8925,72.19,87,90,5.26
392,Coos Bay,US,2021-04-17 15:13:14,43.3665,-124.2179,44.6,100,90,2.68
393,Verkhniy Baskunchak,RU,2021-04-17 15:17:11,48.2256,46.7217,57.2,72,100,12.17
394,Kirakira,SB,2021-04-17 15:17:11,-10.4544,161.9205,78.96,82,55,6.62
395,Santa Luzia,BR,2021-04-17 15:17:12,-19.7697,-43.8514,77.0,47,40,3.44
396,Banda Aceh,ID,2021-04-17 15:17:12,5.5577,95.3222,80.91,76,72,5.12
397,Upington,ZA,2021-04-17 15:17:12,-28.4478,21.2561,87.8,8,0,4.61
398,Lulea,SE,2021-04-17 15:17:12,65.5842,22.1547,44.6,61,0,6.91
399,Qaqortoq,GL,2021-04-17 15:17:13,60.7167,-46.0333,23.0,28,20,3.44
400,Manzanillo,CU,2021-04-17 15:17:13,20.3433,-77.1167,88.02,42,4,1.74
401,Inhambane,MZ,2021-04-17 15:17:13,-23.865,35.3833,77.0,88,40,6.91
402,Usinsk,RU,2021-04-17 15:17:14,65.9939,57.5281,25.9,96,64,11.07
403,Vallenar,CL,2021-04-17 15:17:14,-28.5708,-70.7581,73.94,47,0,4.76
404,Pochutla,MX,2021-04-17 15:17:14,15.7432,-96.4661,82.0,69,75,9.22
405,Boshan,CN,2021-04-17 15:17:15,36.4833,117.8333,48.67,22,0,4.5
406,Maragogi,BR,2021-04-17 15:17:15,-9.0122,-35.2225,81.5,75,56,4.83
407,Nabire,ID,2021-04-17 15:17:15,-3.3667,135.4833,76.37,87,100,2.26
408,Sibolga,ID,2021-04-17 15:13:09,1.7427,98.7792,77.86,84,100,1.88
409,Dharchula,IN,2021-04-17 15:17:16,29.85,80.5333,57.25,91,100,2.98
410,Bud,US,2021-04-17 15:17:16,39.447,-86.1758,52.0,66,90,4.83
411,Hami,CN,2021-04-17 15:17:16,42.8,93.45,66.42,10,51,6.04
412,Tadine,NC,2021-04-17 15:17:17,-21.55,167.8833,73.76,77,0,12.5
413,Medina,SA,2021-04-17 15:17:17,24.4686,39.6142,86.0,26,40,27.63
414,Indramayu,ID,2021-04-17 15:17:17,-6.3264,108.32,81.86,70,100,2.28
415,Mount Gambier,AU,2021-04-17 15:17:18,-37.8333,140.7667,51.8,93,90,8.05
416,Kropotkin,RU,2021-04-17 15:17:18,45.4375,40.5756,47.97,92,100,7.4
417,Mao,ES,2021-04-17 15:17:18,39.8885,4.2658,44.6,87,75,10.36
418,Rudolstadt,DE,2021-04-17 15:17:19,50.7167,11.3333,46.0,67,100,3.0
419,Pietarsaari,FI,2021-04-17 15:17:19,63.65,22.6833,55.4,33,0,8.05
420,Chapais,CA,2021-04-17 15:17:19,49.7834,-74.8492,42.8,56,40,6.91
421,Waingapu,ID,2021-04-17 15:17:19,-9.6567,120.2641,77.76,84,85,7.94
422,Cocachacra,PE,2021-04-17 15:17:20,-17.0883,-71.7575,72.73,64,30,7.05
423,Boke,GN,2021-04-17 15:16:08,10.9409,-14.2967,105.96,18,95,4.32
424,San Quintin,MX,2021-04-17 15:17:20,30.4833,-115.95,58.32,81,26,11.41
425,Ust-Ilimsk,RU,2021-04-17 15:17:20,58.0006,102.6619,10.04,95,84,3.36
426,Huilong,CN,2021-04-17 15:17:21,31.8111,121.655,57.0,67,100,1.79
427,Namatanai,PG,2021-04-17 15:17:21,-3.6667,152.4333,80.46,77,87,9.06
428,Pitimbu,BR,2021-04-17 15:17:21,-7.4706,-34.8086,82.4,78,75,6.91
429,Pacific Grove,US,2021-04-17 15:17:22,36.6177,-121.9166,52.0,76,90,8.05
430,Deputatskiy,RU,2021-04-17 15:17:22,69.3,139.9,-0.58,99,100,2.37
431,Curaca,BR,2021-04-17 15:17:22,-8.9903,-39.9094,87.21,45,98,11.3
432,Juneau,US,2021-04-17 15:14:35,58.3019,-134.4197,39.99,86,40,6.51
433,Alihe,CN,2021-04-17 15:17:23,50.5667,123.7167,30.49,89,1,2.77
434,Tucupita,VE,2021-04-17 15:17:23,9.0622,-62.051,85.66,54,62,7.7
435,Lata,PT,2021-04-17 15:17:23,40.1629,-8.3327,75.99,36,3,5.84
436,Forestville,US,2021-04-17 15:17:24,38.8451,-76.875,57.99,54,1,4.61
437,Ciudad Bolivar,VE,2021-04-17 15:13:33,8.1222,-63.5497,91.0,37,26,13.13
438,Saint-Francois,FR,2021-04-17 15:17:24,46.4154,3.9054,57.2,35,0,14.97
439,Boca Do Acre,BR,2021-04-17 15:17:24,-8.7522,-67.3978,84.29,65,92,3.94
440,Xingyi,CN,2021-04-17 15:17:25,24.1877,102.817,56.08,96,100,4.5
441,Palora,EC,2021-04-17 15:16:11,-1.7,-77.9333,69.8,88,90,3.44
442,Christchurch,NZ,2021-04-17 15:17:25,-43.5333,172.6333,50.0,100,11,3.44
443,Yuanping,CN,2021-04-17 15:17:26,38.7153,112.7575,49.28,21,0,2.95
444,Pontianak,ID,2021-04-17 15:17:26,-0.0333,109.3333,77.0,94,40,6.91
445,Talcahuano,CL,2021-04-17 15:17:26,-36.7167,-73.1167,57.2,88,90,8.05
446,Filadelfia,US,2021-04-17 15:13:52,39.9523,-75.1638,54.0,50,40,12.66
447,Road Town,VG,2021-04-17 15:17:27,18.4167,-64.6167,84.2,74,20,11.5
448,Dawei,MM,2021-04-17 15:17:27,14.0833,98.2,75.9,86,58,2.42
449,Aliwal North,ZA,2021-04-17 15:17:27,-30.6937,26.7114,71.13,20,0,7.9
450,Mezen,RU,2021-04-17 15:17:27,65.8522,44.24,34.14,87,100,10.13
451,Basco,PH,2021-04-17 15:17:28,20.4487,121.9702,77.72,83,85,30.29
452,Mayo,US,2021-04-17 15:17:28,38.8876,-76.5119,57.0,54,75,8.05
453,Yarmouth,US,2021-04-17 15:17:28,41.7057,-70.2286,42.8,75,90,16.11
454,Somerset East,ZA,2021-04-17 15:17:29,-32.7217,25.588,78.12,16,1,5.3
455,Makakilo City,US,2021-04-17 15:17:29,21.3469,-158.0858,69.8,78,50,8.05
456,Savannah Bight,HN,2021-04-17 15:17:29,16.45,-85.85,84.2,74,75,20.96
457,Murgab,TM,2021-04-17 15:17:29,37.4966,61.9714,73.4,35,3,6.91
458,Wonthaggi,AU,2021-04-17 15:17:30,-38.6044,145.5913,55.0,88,30,8.93
459,Sinegorye,RU,2021-04-17 15:17:30,62.0788,150.477,14.2,82,87,12.01
460,Almeirim,BR,2021-04-17 15:17:30,-1.5233,-52.5817,85.21,64,89,4.25
461,Mainburg,DE,2021-04-17 15:17:31,48.65,11.7833,50.0,49,100,8.05
462,Bembereke,BJ,2021-04-17 15:17:31,10.2283,2.6634,101.14,18,25,8.39
463,Labrea,BR,2021-04-17 15:17:31,-7.2586,-64.7981,86.14,63,100,3.49
464,Manukan,PH,2021-04-17 15:17:32,8.5333,123.1,80.6,84,100,7.43
465,Nemuro,JP,2021-04-17 15:17:32,43.3236,145.575,40.68,92,100,25.08
466,Asfi,MA,2021-04-17 15:17:32,32.2994,-9.2372,68.14,67,1,22.15
467,Areka,ET,2021-04-17 15:17:32,7.0667,37.7,69.66,63,85,6.51
468,Vostok,RU,2021-04-17 15:17:33,46.4856,135.8833,32.63,68,98,3.29
469,Yerbogachen,RU,2021-04-17 15:17:33,61.2767,108.0108,8.11,81,68,11.07
470,Tigtabon,PH,2021-04-17 15:17:33,6.8956,122.1669,78.8,89,75,5.75
471,Plaster Rock,CA,2021-04-17 15:17:34,46.9065,-67.39,39.2,65,90,14.97
472,Srbac,BA,2021-04-17 15:17:34,45.0978,17.525,50.0,50,40,8.05
473,Mudon,MM,2021-04-17 15:17:34,16.2578,97.7164,78.76,82,99,4.32
474,Zhuhai,CN,2021-04-17 15:17:35,22.2769,113.5678,75.2,78,40,11.5
475,San Andres,CO,2021-04-17 15:17:35,12.5847,-81.7006,84.2,79,75,14.97
476,Oriximina,BR,2021-04-17 15:17:35,-1.7656,-55.8661,86.13,58,71,3.31
477,Lavrentiya,RU,2021-04-17 15:17:36,65.5833,-171.0,30.65,93,100,11.52
478,Prokhorovka,RU,2021-04-17 15:17:36,51.0374,36.7325,51.8,46,0,6.71
479,Sokolo,ML,2021-04-17 15:17:36,14.7328,-6.1219,103.1,9,100,6.11
480,Szekkutas,HU,2021-04-17 15:17:37,46.5,20.5333,54.0,46,0,4.61
481,Auki,SB,2021-04-17 15:17:37,-8.7676,160.7034,77.49,87,100,2.57
482,Faya,SA,2021-04-17 15:17:37,18.3851,42.4509,62.6,63,40,9.22
483,Zapolyarnyy,RU,2021-04-17 15:17:37,69.4154,30.8136,37.4,87,90,4.61
484,Buarcos,PT,2021-04-17 15:17:38,40.166,-8.8768,75.99,34,0,11.5
485,Gushikawa,JP,2021-04-17 15:17:38,26.3544,127.8686,66.2,72,20,10.36
486,Touros,BR,2021-04-17 15:17:38,-5.1989,-35.4608,80.6,78,75,14.97
487,Carlagan,PH,2021-04-17 15:17:39,14.975,122.0456,80.42,76,98,17.56
488,Oksbol,DK,2021-04-17 15:17:39,55.6268,8.2876,59.0,38,20,10.36
489,Teya,RU,2021-04-17 15:17:39,60.3778,92.6267,14.65,90,93,6.4
490,Gandiaye,SN,2021-04-17 15:17:40,14.2333,-16.2667,109.4,24,0,6.91
491,Lasa,IT,2021-04-17 15:17:40,46.6166,10.7002,64.4,31,0,6.91
492,Huadian,CN,2021-04-17 15:17:40,42.9633,126.7478,39.13,56,7,3.36
493,Medicine Hat,CA,2021-04-17 15:17:41,50.0501,-110.6683,48.0,39,75,12.66
494,Biloela,AU,2021-04-17 15:17:41,-24.4167,150.5,62.62,65,1,11.16
495,Kodinsk,RU,2021-04-17 15:17:41,58.6881,99.1844,9.68,94,8,2.95
496,Avera,US,2021-04-17 15:17:42,33.194,-82.5271,66.2,48,1,5.75
497,Yining,CN,2021-04-17 15:17:42,29.0361,114.5636,60.08,76,100,3.04
498,Wewak,PG,2021-04-17 15:17:42,-3.5534,143.6268,77.23,86,100,4.85
499,Port Moresby,PG,2021-04-17 15:17:43,-9.4431,147.1797,78.8,94,75,5.75
500,Tulun,RU,2021-04-17 15:17:43,54.5611,100.5792,24.01,76,100,11.27
501,Opuwo,NA,2021-04-17 15:17:43,-18.0607,13.84,80.69,32,83,8.34
502,Punto Fijo,VE,2021-04-17 15:16:16,11.6956,-70.1996,83.07,68,100,26.44
503,Saint-Marc-Des-Carrieres,CA,2021-04-17 15:17:44,46.6834,-72.0491,42.8,52,95,10.36
504,Rio Grande,BR,2021-04-17 15:17:44,-32.035,-52.0986,77.0,69,75,5.75
505,Hollola,FI,2021-04-17 15:17:44,61.05,25.4333,54.0,39,65,3.0
506,Rio Gallegos,AR,2021-04-17 15:17:45,-51.6226,-69.2181,55.4,44,0,2.3
507,Juybar,IR,2021-04-17 15:17:45,36.6412,52.9124,71.6,40,0,6.91
508,Udachnyy,RU,2021-04-17 15:17:45,66.4167,112.4,9.9,90,100,19.28
509,Ereymentau,KZ,2021-04-17 15:17:46,51.6199,73.1033,44.01,61,12,5.08
510,Saravan,AM,2021-04-17 15:17:46,39.7196,45.6483,73.4,25,75,4.61
511,Kalmunai,LK,2021-04-17 15:17:46,7.4167,81.8167,82.13,76,48,9.44
512,Malpe,IN,2021-04-17 15:17:46,13.35,74.7167,84.2,79,20,4.61
513,Presidente Medici,BR,2021-04-17 15:17:47,-11.1753,-61.9014,83.37,75,100,2.01
514,Mandalgovi,MN,2021-04-17 15:17:47,45.7625,106.2708,49.03,14,0,15.95
515,Roald,NO,2021-04-17 15:17:47,62.5833,6.1333,51.8,32,0,8.05
516,Klyavlino,RU,2021-04-17 15:17:48,54.2649,52.0267,53.17,47,4,10.4
517,Nizhnyaya Tavda,RU,2021-04-17 15:17:48,57.6731,66.1725,43.16,50,98,6.44
518,Buenaventura,CO,2021-04-17 15:17:48,3.8801,-77.0312,84.27,72,98,1.48
519,Khiri Mat,TH,2021-04-17 15:17:49,16.8333,99.8,84.99,99,79,7.87
520,Bosaso,SO,2021-04-17 15:17:49,11.2842,49.1816,84.2,74,0,11.5
521,Lake Charles,US,2021-04-17 15:16:22,30.2131,-93.2044,62.6,82,90,14.97
522,Matinhos,BR,2021-04-17 15:17:49,-25.8175,-48.5428,73.4,94,90,4.61
523,Phan Thiet,VN,2021-04-17 15:17:49,10.9333,108.1,78.87,76,71,6.93
524,Viedma,AR,2021-04-17 15:17:50,-40.8135,-62.9967,71.96,31,19,9.57
525,Hannibal,US,2021-04-17 15:17:50,39.7084,-91.3585,48.2,93,90,5.75
526,Inirida,CO,2021-04-17 15:17:50,3.8653,-67.9239,86.4,63,65,1.92
527,Odweyne,SO,2021-04-17 15:17:51,9.4092,45.064,85.57,34,61,13.2
528,Lentekhi,GE,2021-04-17 15:17:51,42.7856,42.7261,56.21,90,100,1.95
529,Codrington,AU,2021-04-17 15:17:51,-38.2667,141.9667,54.41,86,100,6.15
530,Takoradi,GH,2021-04-17 15:17:52,4.8845,-1.7554,86.7,63,91,13.71
531,Biak,ID,2021-04-17 15:17:52,-0.9131,122.8766,75.27,77,100,4.5
532,Shimoda,JP,2021-04-17 15:17:52,34.6667,138.95,62.01,71,100,13.06
533,Pampa,US,2021-04-17 15:17:52,35.5362,-100.9599,42.8,65,90,19.57
534,Zhigansk,RU,2021-04-17 15:17:53,66.7697,123.3711,14.07,94,100,12.66
535,Suyan,PH,2021-04-17 15:17:53,6.0603,125.3853,78.01,89,100,3.96
536,Narrabri,AU,2021-04-17 15:17:53,-30.3167,149.7833,48.99,93,1,6.91
537,Chibombo,ZM,2021-04-17 15:17:54,-14.6569,28.0706,68.2,58,91,11.1
538,Abha,SA,2021-04-17 15:13:09,18.2164,42.5053,64.4,63,40,9.22
539,Karpathos,GR,2021-04-17 15:17:54,35.507,27.2132,68.0,68,20,11.5
540,Taft,IR,2021-04-17 15:17:54,31.7471,54.2088,80.6,14,75,9.22
541,Iqaluit,CA,2021-04-17 15:17:55,63.7506,-68.5145,15.8,73,40,5.75
542,College,US,2021-04-17 15:17:55,64.8569,-147.8028,30.99,93,20,3.44
543,Svetlyy,RU,2021-04-17 15:17:55,54.675,20.1347,55.4,62,0,11.18
544,Piedras Negras,MX,2021-04-17 15:17:56,28.7,-100.5167,60.8,63,75,18.41
545,Ginda,IN,2021-04-17 15:17:56,30.6945,78.4932,51.03,82,100,5.64
546,Colombo,LK,2021-04-17 15:15:05,6.9319,79.8478,84.2,84,20,8.05
547,Nome,US,2021-04-17 15:17:56,64.5011,-165.4064,30.2,86,90,8.05
548,Atasu,KZ,2021-04-17 15:17:57,48.6814,71.6433,55.33,49,19,8.39
549,Penzance,GB,2021-04-17 15:17:57,50.1186,-5.5371,51.8,50,20,9.22
550,Balvi,LV,2021-04-17 15:17:57,57.1313,27.2658,56.77,64,100,9.31
551,Buraydah,SA,2021-04-17 15:17:58,26.326,43.975,84.2,26,40,9.22
552,Soria,ES,2021-04-17 15:17:58,41.6667,-2.6667,45.0,53,1,10.0
